s1,s2,s3,s4,s5,s6,label
-7624,5960,19100,32767,-7266,3489,tilt
-8244,6976,24080,32767,-6293,2608,tilt
-7324,5272,21852,20655,-5321,1840,tilt
-7520,4560,16224,12703,-5990,1474,tilt
-6260,4484,12860,13897,-6638,1169,tilt
-5904,4992,11956,19228,-8151,2166,tilt
-5760,5952,15100,21152,-6731,2035,tilt
-7096,6796,20924,14936,-4961,598,tilt
-7824,7160,26048,-2753,-840,-3291,tilt
-5328,7444,26468,-29293,3174,-6340,tilt
-5372,8816,23932,-32768,8462,-7606,tilt
-3988,8328,17504,-32768,13508,-6762,tilt
-5944,2216,1096,-32768,6869,-2990,tilt
-5568,-8892,-12668,-1700,-13180,2188,tilt
-3736,-3700,-4092,32767,-20575,2268,tilt
-2508,11836,12368,32767,-9439,4763,tilt
-6776,17580,25888,32767,3562,6926,tilt
-10072,13496,31744,32767,3668,3780,tilt
-7356,11116,31224,9694,2090,-341,tilt
-4516,14388,27872,-32768,7744,-2478,tilt
-6164,16692,21364,-32768,18399,-6119,tilt
-6052,13644,13792,-32768,25339,-11091,tilt
-5272,8036,1156,-32768,21884,-11167,tilt
-4540,-1992,-13668,-19191,1523,-4439,tilt
-2896,-5508,-11280,32767,-25285,5494,tilt
-1852,8876,6868,32767,-20021,8486,tilt
-4320,16788,22624,32767,-7618,12360,tilt
-11092,14132,32700,32767,-5226,8167,tilt
-1,-1,-1,-1,-1,-1,tilt
-4188,13764,28324,-32768,6822,-5112,tilt
-6600,15836,20824,-32768,21698,-6219,tilt
-6872,13564,2952,-32768,14804,-8316,tilt
-4060,1788,-15224,-19991,1863,-4969,tilt
-2448,-1056,-10888,32767,-21106,3076,tilt
-2304,11576,9304,32767,-16428,8729,tilt
-6112,20268,25124,32767,-4782,11730,tilt
-10460,16836,32092,32767,-6611,7278,tilt
-6124,13568,31928,-3030,-1485,174,tilt
-5264,16576,26308,-32768,13834,-3562,tilt
-5388,18232,15680,-32768,24234,-8593,tilt
-6728,12144,-11992,-32768,7479,-7159,tilt
-1824,-1948,-18108,18224,-20205,-318,tilt
-2092,9468,3648,32767,-19044,5259,tilt
-9388,19596,30872,32767,-4919,4514,tilt
-7560,15328,32767,18475,-3843,-2797,tilt
-1428,16252,31172,-32768,8665,-4989,tilt
-4556,20692,23304,-32768,15854,-4152,tilt
-7084,19880,12288,-32768,21163,-10952,tilt
-4552,13200,-1320,-32768,15219,-11170,tilt
-4920,4148,-4016,-32768,19058,-12376,tilt
-5324,-4320,-6892,-12875,2494,-9764,tilt
-4008,-8864,-6432,31911,-19121,-618,tilt
-2388,-1392,4140,32767,-24011,6609,tilt
668,9076,15404,32767,-21101,13494,tilt
-3280,17004,19936,32767,-20500,18455,tilt
-5128,21924,23048,32767,-14060,14162,tilt
-6104,20952,26276,32767,-999,7777,tilt
-7704,17516,28828,32767,5293,1397,tilt
-5456,16916,26372,-12898,9222,-5294,tilt
-6380,21292,19716,-32768,17533,-10193,tilt
-5948,21332,15544,-32768,21340,-14857,tilt
-5356,19232,8220,-32768,16071,-18293,tilt
-1940,12852,-124,-32768,13110,-14383,tilt
-1716,-552,-18312,-27903,-7111,-1702,tilt
-1632,-5360,-15636,32767,-25904,5345,tilt
-152,14792,6888,32767,-14552,6479,tilt
-1,-1,-1,-1,-1,-1,tilt
-6572,18468,29472,0,0,0,tilt
-8200,14728,32164,17511,-7056,8041,tilt
-5492,17068,30184,-28500,2917,-2682,tilt
-5256,23128,24044,-32768,17123,-10787,tilt
-5132,23124,15276,-32768,20737,-15420,tilt
-4716,17132,5864,-32768,17594,-15533,tilt
-1992,7128,-4396,-32768,19256,-11316,tilt
-4500,-7928,-18952,551,-6840,1064,tilt
-2292,-2432,-10320,32767,-18675,7250,tilt
-1008,18296,10280,32767,-13825,11964,tilt
-1860,25516,23084,32767,-8064,18701,tilt
-7332,21868,27464,32767,-10326,20431,tilt
-9212,18300,29892,31711,-7930,11214,tilt
-6036,17036,29932,-12446,3871,-1496,tilt
-4168,21492,24496,-32768,16319,-10815,tilt
-5824,24544,16884,-32768,23751,-18236,tilt
-5036,21428,8524,-32768,17440,-21391,tilt
-872,11832,188,-32768,20651,-17566,tilt
-1584,-1688,-15404,-30870,7837,-5137,tilt
-2384,-8332,-19308,32767,-18303,8882,tilt
-176,12316,-1020,32767,-15609,13948,tilt
104,27268,16348,32767,-5612,21965,tilt
-4916,25372,22780,32767,-6992,29058,tilt
-8940,21448,27144,32767,-11829,23686,tilt
-8844,19724,28724,3210,-6986,8297,tilt
-3580,23624,24024,-32768,12901,-7892,tilt
-5080,27628,17652,-32768,30505,-22029,tilt
-5048,27228,10024,-32768,23594,-27946,tilt
-2744,18192,1940,-32768,13965,-26238,tilt
12,7020,-7484,-32768,13256,-17675,tilt
-1476,-7632,-18916,3932,-13364,1761,tilt
-2112,-496,-10948,32767,-28588,11670,tilt
240,22264,10040,32767,-20568,14216,tilt
-76,25492,26908,32767,-9295,22238,tilt
-6588,21448,28668,32767,-7366,21475,tilt
-6844,20812,28700,13810,-3727,11006,tilt
-6056,20872,25220,-32768,8059,-3192,tilt
-6148,24740,19516,-32768,21238,-17658,tilt
-5108,24000,12676,-32768,22945,-26650,tilt
-3200,19468,7704,-32768,23250,-28701,tilt
-172,12752,3084,-32768,23097,-24302,tilt
-2220,-1260,-12144,-32768,4773,-8840,tilt
-3236,-11476,-17220,32767,-21673,7549,tilt
-1628,8376,144,32767,-23626,11417,tilt
-1104,24308,18876,32767,-20468,18153,tilt
-2460,24420,26564,32767,-7226,20496,tilt
-7052,19764,25816,32767,-1327,15438,tilt
-9328,17948,26576,8736,-2725,4619,tilt
-8192,18748,25916,-32768,935,-8826,tilt
-6268,23072,19200,-32768,20498,-19597,tilt
-4200,23380,13024,-32768,22539,-24577,tilt
-4052,19188,6444,-32768,18345,-24252,tilt
-132,11240,-3008,-32768,15726,-17301,tilt
-2120,-9412,-20200,-10073,-11806,2734,tilt
-1712,-3996,-14632,32767,-20643,10902,tilt
2316,19288,6488,32767,-21270,17677,tilt
1308,29956,17896,32767,-16919,27430,tilt
-3596,28808,25648,32767,-19578,26567,tilt
-6576,23904,27472,32767,-11396,17223,tilt
-6300,20872,25632,2701,2506,2039,tilt
-6072,22432,21144,-32768,15809,-12023,tilt
-5232,23704,15636,-32768,26701,-24412,tilt
-4160,24060,10276,-32768,21541,-29829,tilt
-1688,22688,9056,-32768,21976,-30543,tilt
848,16724,2728,-32768,23257,-24251,tilt
-436,240,-16440,-32768,-511,-3967,tilt
-2288,-10896,-25272,32767,-23189,12579,tilt
1968,14676,-4772,32767,-26472,19020,tilt
3764,32424,13420,32767,-24793,30164,tilt
-536,32767,21528,32767,-22730,32635,tilt
-4868,28592,24492,32767,-18479,22878,tilt
-8868,20948,29344,27812,-12956,7937,tilt
-4996,22756,29244,-31287,3035,-8952,tilt
-2216,28280,21072,-32768,32767,-21866,tilt
-1136,32412,12568,-32768,32516,-28030,tilt
104,28940,4004,-32768,30971,-29462,tilt
2216,21584,-1012,-32768,28231,-23644,tilt
1464,8248,-20548,-32768,11027,-10544,tilt
-3328,-10584,-32696,32767,-32768,7098,tilt
7012,20652,-3856,32767,-32768,13122,tilt
7552,32767,21732,32767,-32768,18045,tilt
812,32767,29336,32767,-15831,17746,tilt
-2808,25456,27556,32767,-5963,13303,tilt
-4792,19940,24324,24792,3106,3875,tilt
-6012,19004,22856,-21871,10495,-7004,tilt
-5640,26076,15200,-32768,24918,-21104,tilt
-2420,27392,9916,-32768,24858,-30701,tilt
-1204,26776,8348,-32768,22393,-32240,tilt
-752,25944,10192,-32768,24011,-30621,tilt
-1420,19976,6388,-32768,23287,-25874,tilt
1396,7892,-12832,-32768,21077,-15375,tilt
-2588,-18156,-32768,22755,-23657,4333,tilt
3796,6528,-11548,32767,-32768,13995,tilt
5120,32767,17252,32767,-32768,22514,tilt
-216,32767,30444,32767,-22583,17644,tilt
-1880,26984,32344,32767,-7925,12322,tilt
-5472,21444,30484,30798,-3997,6795,tilt
-6100,20512,26476,-25454,1886,-5114,tilt
-7556,21956,19592,-32768,18464,-15364,tilt
-4456,22072,17696,-32768,26850,-22094,tilt
-1516,24208,15784,-32768,31727,-24017,tilt
-1072,24116,11276,-32768,30318,-20472,tilt
3684,18060,-1848,-32768,30197,-12575,tilt
-1920,-2868,-29756,-32768,7606,-958,tilt
-2844,-10740,-32768,32767,-32089,5772,tilt
11188,19044,-6936,32767,-32768,22054,tilt
11384,32767,11536,32767,-32768,26843,tilt
7368,32767,27300,32767,-32768,22413,tilt
1688,32767,32767,32767,-24760,17255,tilt
-7092,23728,32767,32767,-13678,5665,tilt
-660,25080,32767,-32768,14649,-9802,tilt
2140,32767,23432,-32768,32767,-20631,tilt
4764,32767,14608,-32768,32767,-30102,tilt
5588,32767,4744,-32768,32767,-32768,tilt
5532,32767,-1152,-32768,32767,-27883,tilt
5396,16752,-14528,-32768,32767,-20459,tilt
-1792,-7692,-32768,-24263,-3313,-8368,tilt
1136,-7716,-32768,32767,-32768,-1186,tilt
13132,28600,7964,32767,-32768,9304,tilt
11176,32767,32767,32767,-32768,5655,tilt
4588,32767,32767,32767,-30262,-310,tilt
-3400,17004,32767,32767,-8386,-4985,tilt
-1192,16044,32767,-22531,25197,-9834,tilt
572,28724,25108,-32768,32767,-10474,tilt
-2248,32767,11416,-32768,32767,-17817,tilt
3684,24308,-4028,-32768,32767,-16888,tilt
716,10488,-31264,-32768,13860,-3460,tilt
-2628,-6384,-32768,32767,-32768,3273,tilt
12144,26284,-1164,32767,-32768,-51,tilt
10188,32767,22188,32767,-31769,7010,tilt
6460,32767,30356,32767,-26081,7259,tilt
1024,24760,32767,32767,-17895,8381,tilt
-2852,17912,32767,18854,2115,2278,tilt
-1220,25024,25832,-32768,26931,-10417,tilt
1092,30876,15724,-32768,32767,-20796,tilt
1932,32564,10264,-32768,32767,-26595,tilt
4604,32767,13872,-32768,32767,-28599,tilt
6360,32767,9264,-32768,32767,-28572,tilt
8872,23044,-13428,-32768,32767,-25290,tilt
-3624,-11432,-32768,-21685,-10810,-5887,tilt
7580,-2340,-31128,32767,-32768,6871,tilt
15716,32767,12960,32767,-32768,21347,tilt
4464,32767,32767,32767,-32768,14893,tilt
-3252,29900,32767,32767,-22686,-649,tilt
584,18832,32767,12758,11393,-7775,tilt
1588,28796,32767,-32768,32767,-10366,tilt
-212,32767,22296,-32768,32767,-26653,tilt
60,32767,1236,-32768,32767,-30936,tilt
9620,22184,-20404,-32768,32767,-27663,tilt
-1456,-9348,-32768,-15016,-20502,-8106,tilt
7732,-928,-20020,32767,-32768,10397,tilt
11336,32767,8472,32767,-32768,23547,tilt
3468,32767,23252,32767,-29411,23840,tilt
2112,32767,28480,32767,-14601,20526,tilt
-7528,25292,32767,32767,-12505,15318,tilt
-1,-1,-1,-1,-1,-1,tilt
-1564,31696,25208,0,0,0,tilt
3720,32767,12332,-32768,32767,-32768,tilt
6204,32767,2480,-32768,32767,-32768,tilt
7284,32767,-3436,-32768,32767,-32768,tilt
8728,17060,-24576,-32768,32767,-30978,tilt
2460,-13564,-32768,-2977,-32768,-5900,tilt
10348,6408,-21744,32767,-32768,15376,tilt
16972,32767,11364,32767,-32768,24417,tilt
6176,32767,27156,32767,-32768,23125,tilt
-3604,32767,32767,32767,-23170,20584,tilt
-7740,22652,32767,28202,-4359,3925,tilt
-808,31428,32767,-32768,32767,-15224,tilt
1316,32767,20312,-32768,32767,-32768,tilt
6248,32767,5016,-32768,32767,-32768,tilt
10456,32767,-3556,-32768,32767,-32768,tilt
8768,21228,-20716,-32768,32767,-32768,tilt
848,-5904,-32768,-20473,-12899,-13550,tilt
7980,-2652,-21276,32767,-32768,8829,tilt
12232,29432,4752,32767,-32768,24557,tilt
8860,32767,23004,32767,-32768,24877,tilt
8084,32767,32580,32767,-32768,21711,tilt
-2048,29104,32767,32767,-23808,20909,tilt
-8816,22484,32767,19033,-6819,5608,tilt
-4660,24588,32767,-32768,24457,-15275,tilt
1020,32592,24716,-32768,32767,-26269,tilt
4436,32767,21316,-32768,32767,-32768,tilt
12432,32767,16240,-32768,32767,-32768,tilt
15476,32767,-3740,-32768,32767,-32768,tilt
7012,18044,-31624,-32768,32767,-32768,tilt
-1700,-16460,-32768,5398,-20628,-14332,tilt
20864,1196,-22680,32767,-32768,20135,tilt
13592,32767,5244,32767,-32768,32767,tilt
-1,-1,-1,-1,-1,-1,tilt
-4808,32767,32767,0,0,0,tilt
-9812,23808,32767,32767,-14939,7907,tilt
-9616,21160,32767,25739,526,-336,tilt
-600,32767,32767,-32768,32767,-29684,tilt
-1,-1,-1,-1,-1,-1,tilt
14512,32767,-3120,-32768,32767,-32768,tilt
5208,27352,-13844,-32768,32767,-32768,tilt
3204,5736,-24708,-32768,24880,-29957,tilt
4296,-12860,-32768,11778,-16432,-3628,tilt
6024,-2488,-21612,32767,-32768,23321,tilt
11068,30304,4188,32767,-32768,32767,tilt
11604,32767,24368,32767,-32768,32767,tilt
6512,32767,32767,32767,-32768,25160,tilt
-1620,32767,32767,32767,-18049,13893,tilt
-11044,21744,32767,32767,775,-1868,tilt
-1,-1,-1,-1,-1,-1,tilt
-1808,32767,27768,0,0,0,tilt
900,32767,23776,-32768,32767,-27251,tilt
12488,32767,8540,-32768,32767,-32768,tilt
12240,32767,-9956,-32768,32767,-32768,tilt
5956,12708,-29228,-32768,32767,-32768,tilt
6128,-13084,-32768,-10678,-5505,-15699,tilt
11240,-12208,-32768,32767,-32768,23819,tilt
15028,30420,-5316,32767,-32768,32767,tilt
13276,32767,20780,32767,-32768,32767,tilt
7616,32767,32767,32767,-32768,32179,tilt
-6144,32767,32767,32767,-19256,17736,tilt
-9812,26544,32767,16304,10782,-6211,tilt
-16,32767,32767,-32768,32767,-25738,tilt
5704,32767,22444,-32768,32767,-32768,tilt
-704,32767,22636,0,0,0,tilt
14744,32767,-9144,-32768,32767,-32768,tilt
6428,18300,-22016,-32768,32767,-32768,tilt
4612,-4712,-32768,-29841,10576,-17301,tilt
7760,-13392,-32768,32767,-32768,12181,tilt
16432,20344,-9176,32767,-32768,32767,tilt
17984,32767,17660,32767,-32768,32767,tilt
-1,-1,-1,-1,-1,-1,tilt
0,0,0,0,0,0,tilt
-1,-1,-1,-1,-1,-1,tilt
-7752,21180,32767,-11831,12719,-9500,tilt
-1,-1,-1,-1,-1,-1,tilt
2624,32767,15624,0,0,0,tilt
5856,32767,10468,-32768,32767,-32768,tilt
9428,32767,5876,-32768,32767,-32768,tilt
6424,27396,-3080,-32768,32767,-32768,tilt
9444,12632,-24164,-32768,32767,-30121,tilt
-4732,-13160,-32768,10530,-7857,-6896,tilt
15768,3892,-22736,32767,-32768,22999,tilt
19448,32767,6712,32767,-32768,32767,tilt
9316,32767,30064,32767,-32768,32767,tilt
-1,-1,-1,-1,-1,-1,tilt
-6352,29316,32767,32767,-6201,20565,tilt
-1,-1,-1,-1,-1,-1,tilt
-2716,30608,29020,0,0,0,tilt
-7992,13992,20160,0,0,0,tilt
3636,32767,3404,-32768,32767,-32768,tilt
4488,27880,3764,-32768,32767,-32768,tilt
4784,19620,-1128,-32768,32767,-32149,tilt
6624,8924,-20476,-32768,32767,-23152,tilt
1400,-11168,-32768,24732,-28401,4408,tilt
14092,10012,-11752,32767,-32768,32767,tilt
17260,32767,13468,32767,-32768,32767,tilt
-1,-1,-1,-1,-1,-1,tilt
-1,-1,-1,-1,-1,-1,tilt
-11120,27800,32767,32767,10214,1859,tilt
-1,-1,-1,-1,-1,-1,tilt
-1,-1,-1,-1,-1,-1,tilt
5644,32767,-1608,0,0,0,tilt
15024,30080,-8740,-32768,32767,-32768,tilt
12568,20816,-14772,-32768,32767,-32768,tilt
9000,4120,-30984,-32768,493,-21401,tilt
6940,-6596,-27744,32767,-32768,15826,tilt
12404,17972,-848,32767,-32768,32767,tilt
7260,32767,16632,32767,-32768,32767,tilt
-1540,32767,26276,32767,-25825,32767,tilt
-4440,28048,32767,32767,-7451,27644,tilt
-1,-1,-1,-1,-1,-1,tilt
-1192,32767,22356,79,-76,-69,tilt
-1,-1,-1,-1,-1,-1,tilt
7008,32767,3176,-32768,32767,-32768,tilt
7940,30968,1636,-32768,32767,-32768,tilt
6096,23704,-3988,-32768,32767,-32768,tilt
3668,12368,-11252,-32768,32767,-32768,tilt
5152,840,-25800,-32768,10148,-23043,tilt
4236,-8704,-29432,28509,-32768,11103,tilt
12604,10284,-9568,32767,-32768,32767,tilt
17192,31988,8472,32767,-32768,32767,tilt
13792,32767,19176,32767,-32768,32767,tilt
7044,32767,21648,32767,-32768,32767,tilt
-3896,32767,28972,32767,-27186,24678,tilt
-1,-1,-1,-1,-1,-1,tilt
-1,-1,-1,-1,-1,-1,tilt
-1260,30200,9908,0,0,0,tilt
2676,27888,10912,-32768,26558,-32768,tilt
684,28216,17536,-32768,32767,-32768,tilt
3476,32767,22432,-32768,32767,-32768,tilt
11592,32048,9620,-32768,32767,-27488,tilt
10600,19228,-20696,-32768,32767,-26586,tilt
1976,-6284,-32768,-17383,-1846,-13967,tilt
16896,-5040,-32428,32767,-32768,20613,tilt
25848,32767,6440,32767,-32768,32767,tilt
14992,32767,32767,32767,-32768,26407,tilt
-1,-1,-1,-1,-1,-1,tilt
-8600,24768,32767,32767,-31951,348,tilt
-8384,14804,25600,0,0,0,tilt
3016,32767,32767,-32768,32767,-22733,tilt
-1,-1,-1,-1,-1,-1,tilt
24464,32767,3936,0,0,0,tilt
8656,30380,-16296,-32768,32767,-20144,tilt
4932,12372,-32768,-32768,32767,-18070,tilt
3824,-4856,-32768,28280,-23551,-686,tilt
17276,13748,-22552,32767,-32768,24622,tilt
22172,32767,8892,32767,-32768,32767,tilt
-1,-1,-1,-1,-1,-1,tilt
-1,-1,-1,-1,-1,-1,tilt
-1,-1,-1,-1,-1,-1,tilt
-1,-1,-1,-1,-1,-1,tilt
5560,32767,32767,0,0,0,tilt
-1,-1,-1,-1,-1,-1,tilt
21908,32767,9064,0,0,0,tilt
17404,32767,-13332,-32768,32767,-27820,tilt
9036,16324,-32768,-32768,32767,-21951,tilt
10492,-7316,-32768,32767,-32768,1131,tilt
18484,23376,-5856,32767,-32768,30723,tilt
13052,32767,23196,32767,-32768,31643,tilt
-10856,31372,32767,0,0,0,tilt
-6348,23964,32767,0,0,0,tilt
5244,32180,32767,-32768,32767,-12959,tilt
7248,32767,32767,-32768,32767,-22940,tilt
1364,32767,28692,0,0,0,tilt
17032,23692,-8672,-32768,32767,-9036,tilt
4448,10500,-25228,-32768,32767,-6686,tilt
-464,636,-32768,16073,30759,1140,tilt
7680,1524,-31232,32767,-32768,18865,tilt
17996,10788,-16216,32767,-32768,32767,tilt
24552,30832,4316,32767,-32768,32767,tilt
23024,32767,22932,32767,-32768,32767,tilt
13860,32767,32767,32767,-32768,32767,tilt
-1,-1,-1,-1,-1,-1,tilt
4260,32767,32767,-4200,32612,-20187,tilt
11824,32767,32767,-32768,32767,-32768,tilt
-1,-1,-1,-1,-1,-1,tilt
22360,32767,7056,0,0,0,tilt
25232,32767,-12048,-32768,32767,-32768,tilt
15220,20320,-32768,-32768,32767,-32768,tilt
2132,-6808,-32768,3197,-2344,-20002,tilt
24600,1372,-30808,32767,-32768,18916,tilt
21880,30212,624,32767,-32768,32767,tilt
18100,32767,27548,32767,-32768,32767,tilt
-2968,32767,32767,0,0,0,tilt
-1,-1,-1,-1,-1,-1,tilt
-956,30312,32767,0,0,0,tilt
4612,32767,32767,-32768,32767,-32768,tilt
-1,-1,-1,-1,-1,-1,tilt
13528,32767,4472,-32768,32767,-32768,tilt
11208,26156,-10944,-32768,32767,-32768,tilt
3908,12636,-21712,-32768,32767,-31690,tilt
4792,-240,-32768,-22642,9185,-16760,tilt
7400,-5828,-32768,32767,-32768,10190,tilt
11848,17980,-6824,32767,-32768,27717,tilt
16808,32767,22024,32767,-32768,32537,tilt
10124,32767,32767,32767,-32768,27407,tilt
-1,-1,-1,-1,-1,-1,tilt
-9816,12796,25788,0,0,0,tilt
-1,-1,-1,-1,-1,-1,tilt
-7612,29392,32767,0,0,0,tilt
-1,-1,-1,-1,-1,-1,tilt
9988,32767,11052,-32768,32767,-32768,tilt
12152,32767,-5500,-32768,32767,-32768,tilt
9920,20528,-28580,-32768,32767,-30316,tilt
2552,-12628,-32768,16529,13054,-12950,tilt
12344,-5256,-20584,32767,-32768,29440,tilt
10164,23840,2160,32767,-32768,32767,tilt
3128,32767,23280,32767,-32768,32767,tilt
-10140,32767,32767,32767,-32768,32767,tilt
-1,-1,-1,-1,-1,-1,tilt
-608,32767,32767,-32768,32767,-21871,tilt
-1,-1,-1,-1,-1,-1,tilt
-1,-1,-1,-1,-1,-1,tilt
7624,32124,-12308,-32768,32767,-32768,tilt
10220,12776,-25620,-32768,32767,-32768,tilt
4748,-7220,-32768,-3348,19206,-19051,tilt
11232,-10412,-28328,32767,-32768,22861,tilt
10852,16280,-4676,32767,-32768,32767,tilt
7980,32767,16128,32767,-32768,32767,tilt
-4788,32767,32767,32767,-32768,32767,tilt
-1,-1,-1,-1,-1,-1,tilt
-3852,32767,32767,0,0,0,tilt
-436,32767,32767,-32768,32767,-32209,tilt
-1,-1,-1,-1,-1,-1,tilt
6468,32767,848,-32768,32767,-32768,tilt
10632,21096,-17544,-32768,32767,-32768,tilt
5128,1348,-32768,-25955,32767,-27876,tilt
5764,-12760,-32768,32767,-32768,5814,tilt
10308,5420,-12088,32767,-32768,32767,tilt
12188,28688,8004,32767,-32768,32767,tilt
2524,32767,23124,32767,-32768,32767,tilt
-828,32767,32767,32767,-29900,32767,tilt
-1,-1,-1,-1,-1,-1,tilt
0,0,0,0,0,0,tilt
-1,-1,-1,-1,-1,-1,tilt
-1,-1,-1,-1,-1,-1,tilt
4184,32767,10276,-32768,32767,-32768,tilt
7860,29272,-272,-32768,32767,-32768,tilt
8828,19032,-15416,-32768,32767,-32768,tilt
4812,-1684,-32768,-26463,24127,-16294,tilt
10624,-7864,-32768,32767,-32768,19372,tilt
16844,27156,-3956,32767,-32768,32767,tilt
13540,32767,19472,32767,-32768,32767,tilt
-1,-1,-1,-1,-1,-1,tilt
-5872,32767,32767,0,0,0,tilt
-4348,29652,32767,6950,2821,3410,tilt
-952,32767,29368,-32768,32767,-20889,tilt
-7684,15040,20768,0,0,0,tilt
5980,32767,9052,-32768,32767,-32768,tilt
9596,32767,5044,-32768,32767,-32768,tilt
11336,26888,-8528,-32768,32767,-32768,tilt
5324,336,-32768,-32768,32767,-16723,tilt
3472,-15404,-32768,32767,-32768,17731,tilt
10316,24412,-4668,32767,-32768,32767,tilt
8216,32767,19068,32767,-32768,32767,tilt
-1,-1,-1,-1,-1,-1,tilt
-11120,29340,32767,0,0,0,tilt
-7704,26108,19316,32767,12920,27873,tilt
-1,-1,-1,-1,-1,-1,tilt
-2208,24916,4508,0,0,0,tilt
-1060,24260,900,-32768,21355,-32768,tilt
1052,26876,3408,-32768,16012,-32768,tilt
-248,30412,5856,-32768,16034,-32768,tilt
-1272,32116,8208,-32768,15338,-32768,tilt
3216,27520,6428,-32768,22034,-32768,tilt
9224,16528,-6404,-32768,32767,-32768,tilt
4284,-11980,-32768,-32768,21121,-9462,tilt
-268,-16592,-32768,32767,-32768,23747,tilt
6664,23272,152,32767,-32768,32767,tilt
2436,32767,18024,32767,-32768,32767,tilt
-3700,32767,24292,32767,-11526,32767,tilt
-6672,26044,23264,32767,1431,32767,tilt
-10560,20988,19060,29273,-5855,29161,tilt
-11100,22144,16628,-23647,-9463,7003,tilt
-4788,22744,12044,-32768,8670,-15415,tilt
-2336,28804,6352,-32768,20088,-31600,tilt
-1336,28292,7900,-32768,6586,-31691,tilt
84,25812,12044,-32768,8729,-26956,tilt
3340,18960,10824,-32768,22837,-15853,tilt
-1,-1,-1,-1,-1,-1,tilt
-6824,-13840,-26376,442,-5934,7280,tilt
-3928,-1300,-13236,32767,-32768,8577,tilt
7076,25416,10092,32767,-31819,16135,tilt
176,32767,19012,32767,-9628,24696,tilt
-164,32664,17552,32767,-3461,26945,tilt
-5280,26792,16444,32767,-7715,32767,tilt
-3752,21696,13024,32767,-16388,29732,tilt
-3296,19172,11852,7984,-17807,18244,tilt
-4968,20828,11960,-31125,2214,474,tilt
-3036,23500,10536,-32768,19278,-20848,tilt
3112,31136,8960,-32768,18921,-26957,tilt
2840,32440,11932,-32768,25084,-31615,tilt
5052,30152,12536,-32768,32767,-32768,tilt
2548,22312,6672,-32768,32767,-30010,tilt
2160,8856,-3816,-32768,32767,-20861,tilt
448,-12480,-24172,-17537,27341,-1251,tilt
-4612,-14504,-27440,32767,-21857,16677,tilt
3988,20584,-1780,32767,-32768,32767,tilt
5008,32767,11340,32767,-29847,32767,tilt
-1348,32767,19420,32767,-11702,32767,tilt
-2112,32767,16836,32767,-9983,32767,tilt
-7276,23888,15744,32767,-14319,32767,tilt
-13668,22404,18500,-6891,-16243,15373,tilt
-1,-1,-1,-1,-1,-1,tilt
-1,-1,-1,-1,-1,-1,tilt
4728,32767,1744,0,0,0,tilt
2936,32556,3788,-32768,22543,-32768,tilt
2436,24388,3912,-32768,29343,-32768,tilt
2016,11404,-320,-32768,32767,-25091,tilt
-1960,-4104,-14256,-32768,23316,-10817,tilt
-3912,-15920,-22432,32767,-24214,8855,tilt
1128,6560,-6748,32767,-32768,21294,tilt
6288,32767,10952,32767,-32768,25188,tilt
4344,32767,18448,32767,-32768,24475,tilt
2488,32767,25220,32767,-18384,25331,tilt
-1076,25296,23344,32767,-9170,24603,tilt
-7092,19652,20880,5255,-7862,15977,tilt
-6360,20592,19124,-32768,13115,-5334,tilt
-2504,26956,10420,-32768,32767,-26032,tilt
4152,32372,4624,-32768,30891,-29252,tilt
4912,30220,5424,-32768,28647,-26625,tilt
3620,25816,7284,-32768,32767,-23899,tilt
340,15264,3680,-32768,32767,-22558,tilt
-2856,3880,-7036,-32768,32767,-20811,tilt
-4868,-13336,-19088,-2671,4274,-9956,tilt
-2892,-12860,-16848,32767,-32768,7538,tilt
2984,16228,3316,32767,-32768,13458,tilt
6392,32767,16224,32767,-32768,15535,tilt
2664,32767,22164,32767,-20072,19183,tilt
-2176,32767,23980,32767,-7913,21043,tilt
-4280,23188,21636,32767,-3387,19733,tilt
-8348,17052,17216,10220,-3292,12085,tilt
-6124,16560,15748,-32768,17311,-4947,tilt
-2216,24152,8440,-32768,32767,-24108,tilt
1868,31460,2984,-32768,31103,-29832,tilt
2448,32767,3348,-32768,25744,-32768,tilt
2184,28800,5056,-32768,28545,-32768,tilt
3796,15788,-2784,-32768,32145,-28516,tilt
220,-5944,-18724,-32768,279,-8461,tilt
-6248,-17728,-22228,32767,-32768,6887,tilt
572,11600,2548,32767,-32768,1581,tilt
9712,31804,21340,32767,-32682,5625,tilt
2324,32767,25628,32767,-12776,9752,tilt
392,26100,25384,32767,4205,14850,tilt
-3472,18952,19616,32767,6717,18565,tilt
-7988,17792,19748,-6591,-2003,10577,tilt
-4356,22060,17128,-32768,7630,-5869,tilt
-136,26692,9648,-32768,31550,-19662,tilt
3044,27708,6692,-32768,27626,-18980,tilt
2888,24888,8696,-32768,32145,-17886,tilt
2876,19616,9768,-32768,32767,-14591,tilt
-868,10348,3900,-32768,32767,-11119,tilt
-4420,-1768,-10452,-32768,29278,-6034,tilt
-6700,-16432,-22236,21166,-18498,2880,tilt
-3768,-1332,-10076,32767,-32768,4700,tilt
10688,26696,10028,32767,-32768,8807,tilt
11332,32767,20844,32767,-32768,16732,tilt
4496,32767,24144,32767,-13172,24917,tilt
232,27112,20848,32767,-12534,26400,tilt
-3880,20696,18272,30383,-22292,21548,tilt
-7800,17708,22308,-13517,-18093,4358,tilt
-1376,22460,20532,-32768,29342,-17826,tilt
7908,30920,10372,-32768,32767,-26691,tilt
6340,32767,5672,-32768,32767,-23951,tilt
4392,29604,7672,-32768,32767,-22206,tilt
2752,14248,2480,-32768,32767,-11170,tilt
-532,-2240,-10272,-32768,28157,3725,tilt
-9692,-11980,-16976,3122,-1140,9648,tilt
-8216,-5760,-9564,32767,-30148,6131,tilt
4380,14680,6528,32767,-32768,7551,tilt
13492,29060,16556,32767,-32768,18733,tilt
6040,32767,17900,32767,-26677,24854,tilt
1460,27716,14628,32767,-14736,22518,tilt
-2520,21700,17108,32767,-19357,16717,tilt
-1236,20884,19632,3961,-2115,4042,tilt
-1,-1,-1,-1,-1,-1,tilt
0,0,0,0,0,0,tilt
4776,32104,9184,-32768,24857,-30601,tilt
7244,30448,10412,-32768,32767,-27229,tilt
4876,21260,8668,-32768,32767,-19432,tilt
2556,12580,3636,-32768,32767,-12162,tilt
-3008,1360,-7104,-32768,32767,-5223,tilt
-8600,-15836,-19692,-6445,4698,358,tilt
-12524,-15028,-17952,32767,-30450,-3132,tilt
-536,11800,1124,32767,-32768,-3882,tilt
11048,31548,13452,32767,-32768,-4790,tilt
10720,32767,21848,32767,-30548,8210,tilt
-596,32708,23024,32767,-4623,13972,tilt
-1732,23620,19956,32767,2832,14439,tilt
-3528,17692,17584,26867,-4058,14465,tilt
-6600,17940,17000,-22509,1668,2130,tilt
-6788,21368,11160,-32768,26481,-18456,tilt
1600,27172,7296,-32768,26126,-24531,tilt
2260,28436,7632,-32768,25812,-23256,tilt
1360,28180,10116,-32768,28493,-22722,tilt
232,18664,7324,-32768,32767,-19698,tilt
-652,8512,1464,-32768,28568,-12963,tilt
-4728,-6920,-13892,-32768,3644,811,tilt
-8144,-20076,-19916,32767,-32768,3851,tilt
-2784,5952,1364,32767,-32768,-1504,tilt
5180,25916,15404,32767,-29471,5833,tilt
3672,30780,19680,32767,-17448,11158,tilt
488,27480,20568,32767,-4484,19044,tilt
-3452,21788,18744,32767,-5272,20805,tilt
-6504,17824,20380,26815,-10703,14608,tilt
-5668,17840,21036,-23859,-870,2106,tilt
-4752,23832,18260,-32768,21083,-13763,tilt
72,30608,14576,-32768,28980,-22474,tilt
2812,29188,11172,-32768,27279,-21577,tilt
2244,24720,9444,-32768,29484,-18925,tilt
-128,15200,5604,-32768,27576,-14046,tilt
-3680,3056,-1812,-32768,21749,-11220,tilt
-5704,-10912,-11204,-32768,5700,-5507,tilt
-7896,-20584,-14260,25580,-6847,-720,tilt
-7472,-6740,-3944,32767,-15695,-1268,tilt
-1496,13672,9532,32767,-22991,-3831,tilt
3644,22984,16976,32767,-21504,4728,tilt
2420,26000,19636,32767,-11377,18500,tilt
-2740,24712,19760,32767,-5359,26849,tilt
-5596,21640,19376,32767,-5790,24502,tilt
-7024,18276,21368,22518,-5886,14993,tilt
-5132,19680,21716,-26861,2435,2084,tilt
-2444,24728,20392,-32768,14497,-10620,tilt
-168,28860,18160,-32768,23077,-18294,tilt
1680,27088,14204,-32768,32767,-22102,tilt
3812,23152,7600,-32768,32767,-19289,tilt
-2312,9056,-1652,-32768,26069,-13327,tilt
-5400,-4268,-11564,-32768,10941,-8134,tilt
-6764,-12276,-14072,18079,-10408,-2579,tilt
-6584,-2040,-4948,32767,-16737,-4115,tilt
-1452,11100,8744,32767,-24825,-2235,tilt
1684,20644,15820,32767,-23445,3184,tilt
3800,23936,20420,32767,-13373,14347,tilt
-692,22240,22468,32767,-6239,23963,tilt
-6364,21008,26424,32767,-9431,22754,tilt
-7660,19228,30112,-5283,1439,9283,tilt
-1,-1,-1,-1,-1,-1,tilt
68,30992,19888,0,0,0,tilt
2620,31900,12276,-32768,32767,-18739,tilt
2084,25960,5840,-32768,32394,-17015,tilt
-1732,13404,376,-32768,24330,-13120,tilt
-4408,-1056,-5640,-32768,15911,-7112,tilt
-8448,-12104,-10904,-18496,6678,-2872,tilt
-10008,-13216,-9248,32767,2071,-4359,tilt
-6524,-3548,-408,32767,-12185,-3556,tilt
-1132,10204,10712,32767,-26571,1251,tilt
4888,19568,17916,32767,-27302,14779,tilt
1436,23600,20228,32767,-18233,26563,tilt
-5100,24384,23672,32767,-16076,25910,tilt
-9420,21332,29468,32767,-11514,11970,tilt
-1,-1,-1,-1,-1,-1,tilt
1036,25916,7096,-32768,30055,-19266,tilt
508,15272,2360,-32768,27656,-16521,tilt
-3260,5644,-2040,-32768,22375,-13365,tilt
-5132,-5800,-8720,-32698,15987,-12402,tilt
-7880,-12060,-11920,22255,-6170,-10515,tilt
-6664,-5444,-2448,32767,-26054,-9924,tilt
-1676,5700,9296,32767,-32768,-7095,tilt
2280,17092,20464,32767,-32768,-4536,tilt
4344,19444,27092,32767,-21247,1699,tilt
1540,19276,28528,32767,-6534,10414,tilt
-3524,18840,30008,32767,2047,12545,tilt
-6600,15440,30580,-14438,14092,2472,tilt
-2956,19388,25640,-32768,24405,-5830,tilt
-528,24312,19336,-32768,28158,-9987,tilt
-1512,22672,10836,-32768,32767,-11895,tilt
104,14072,2124,-32768,29471,-9639,tilt
-6464,3064,-5572,-32768,6893,-3711,tilt
-7928,-14908,-17432,-30526,-13762,-2605,tilt
-6028,-13436,-18232,32767,-28906,-2873,tilt
-4620,8456,1840,32767,-32179,-9297,tilt
5652,24740,13788,32767,-32621,-11054,tilt
9732,29732,21896,32767,-27990,1132,tilt
5324,26684,29196,32767,-13046,12375,tilt
-1480,22972,32524,32767,-7032,15253,tilt
-5532,19224,32767,-1793,171,2904,tilt
-784,21388,27360,-32768,20585,-9599,tilt
2836,23964,17892,-32768,32767,-12882,tilt
4780,25704,13212,-32768,32767,-10015,tilt
2240,21516,9300,-32768,32767,-6932,tilt
444,13764,4696,-32768,32767,-5554,tilt
-3636,1728,-2988,-32768,32767,-4644,tilt
-6936,-8768,-12460,-26428,20520,-1897,tilt
-9500,-11348,-16556,28917,-9360,620,tilt
-3360,-1884,-7644,32767,-32768,3530,tilt
3220,12568,3512,32767,-32768,5999,tilt
9568,25904,14912,32767,-32768,7823,tilt
8720,31524,26496,32767,-32768,6911,tilt
3216,27304,32767,32767,-27255,424,tilt
-864,20964,32767,32767,-806,-8070,tilt
2580,18420,32767,-25572,25386,-11392,tilt
3108,23048,23316,-32768,32767,-10869,tilt
5152,29080,15744,-32768,32767,-11539,tilt
4828,28136,7408,-32768,32767,-12777,tilt
3260,20332,-180,-32768,32767,-14383,tilt
-2560,6604,-8060,-32768,32767,-14720,tilt
-7712,-8160,-16016,-28968,20076,-11488,tilt
-9244,-12528,-14968,31768,-17358,-4123,tilt
-6328,-1504,-952,32767,-32768,190,tilt
-2084,13788,13980,32767,-32768,-2415,tilt
-820,18544,25596,32767,-32768,-8872,tilt
-1696,16232,32767,32767,-24507,-13134,tilt
-3364,11488,32767,22587,-8998,-14037,tilt
-4924,11080,32767,-30249,8964,-15407,tilt
-3648,12468,30268,-32768,31212,-16951,tilt
-1884,13640,19540,-32768,32767,-13469,tilt
-1948,7556,7620,-32768,32767,-9879,tilt
-3016,-2872,-7032,-32768,32767,-1666,tilt
-8144,-14924,-16836,-18237,16592,7889,tilt
-11032,-11628,-11924,32767,-1199,14022,tilt
-9172,-332,-3684,32767,-7914,12644,tilt
-5192,3940,1848,32767,-18026,12585,tilt
-348,6488,8600,32767,-32768,24006,tilt
1820,11920,15056,32767,-32768,32767,tilt
-3656,21652,23736,32767,-32768,30144,tilt
-3964,22128,32332,32767,-32768,10739,tilt
-2956,17944,32767,23680,-6982,-4606,tilt
-1388,14304,32767,-14514,15405,-9840,tilt
868,14260,28528,-32768,32306,-6773,tilt
-1256,19432,24312,-32768,32767,-5131,tilt
448,19852,18536,-32768,32767,-8773,tilt
3084,14636,7544,-32768,32767,-10460,tilt
72,7976,-5720,-32768,32767,-7612,tilt
-8344,-756,-18544,-32768,21959,666,tilt
-10056,-6504,-23356,-4576,-18087,3227,tilt
-7892,-4252,-15600,32767,-32768,-535,tilt
432,5528,-3032,32767,-32768,479,tilt
9476,15660,9952,32767,-32768,7254,tilt
12576,27492,24744,32767,-32768,11413,tilt
7540,32272,32767,32767,-32768,7521,tilt
3524,27092,32767,32767,-22468,-2967,tilt
-1808,17592,32767,30584,-11859,-11553,tilt
-812,13776,32767,-18425,9982,-16057,tilt
2852,19844,32767,-32768,32767,-14463,tilt
4588,27872,24676,-32768,32767,-12641,tilt
7224,32484,12752,-32768,32767,-12281,tilt
5192,28592,288,-32768,32767,-11628,tilt
-3228,11520,-14408,-32768,32767,-12752,tilt
-6920,-9952,-30192,-32768,12240,-8401,tilt
-9944,-14680,-25832,32767,-19408,-3991,tilt
-4592,2636,-6364,32767,-32768,1465,tilt
-1008,16560,11888,32767,-32768,-181,tilt
3320,21844,28160,32767,-32768,2700,tilt
0,20332,32767,32767,-23802,4775,tilt
-5816,18072,32767,32767,-6325,-785,tilt
-5004,12056,32767,-4623,15181,-9951,tilt
-3612,12928,29952,-32768,28887,-11331,tilt
-3516,15508,20156,-32768,32767,-9022,tilt
-2504,18024,11556,-32768,32767,-7209,tilt
-2536,14736,1252,-32768,32767,-8370,tilt
-4512,6756,-10868,-32768,32767,-9806,tilt
-9024,-4744,-18960,-12440,17178,-8883,tilt
-7288,-7628,-16928,32767,-14589,-5713,tilt
-1932,-2344,-8192,32767,-32768,2259,tilt
1056,9268,7156,32767,-32768,9963,tilt
-1252,16420,27332,32767,-32768,8768,tilt
-3500,17716,32767,32767,-32768,-3632,tilt
-1,-1,-1,-1,-1,-1,tilt
-8512,12880,25192,0,0,0,tilt
-2092,15540,30324,-32768,23218,-3204,tilt
-3244,16336,18936,-32768,24512,-2271,tilt
-1632,11228,3504,-32768,32767,-1037,tilt
-6308,1444,-11216,-32768,28179,390,tilt
-9788,-7724,-22948,-21714,6180,1876,tilt
-10204,-9028,-19064,32767,-13953,-2312,tilt
-4100,-1368,-6456,32767,-29404,-6934,tilt
-208,3524,9172,32767,-32768,-4427,tilt
3004,10200,29316,32767,-32768,1675,tilt
392,9456,32767,32767,-25611,739,tilt
992,7000,32767,7631,9684,-4108,tilt
2560,6268,32767,-32768,24145,-2100,tilt
-528,6168,29216,-32768,22547,4344,tilt
-920,4008,16348,-32768,23619,8916,tilt
-5808,2964,872,-32768,24798,13803,tilt
-7812,-2508,-18092,-32768,20558,14839,tilt
-8064,-9288,-21992,9885,8402,7833,tilt
-7096,-3852,-14088,32767,-22544,960,tilt
-344,2436,-1580,32767,-32768,-234,tilt
4052,9676,16056,32767,-32768,1409,tilt
4136,10232,32767,32767,-32768,-4661,tilt
6068,5188,32767,27304,-18707,-12259,tilt
8396,5120,32767,-14880,19293,-10212,tilt
8280,7200,32767,-32768,32767,2971,tilt
4276,7416,23200,-32768,31911,13111,tilt
-1164,4704,5336,-32768,25703,16863,tilt
-4748,-416,-11280,-32768,32767,13545,tilt
-8052,-4156,-23672,1669,32767,6167,tilt
-8808,-3148,-24056,32767,17468,-819,tilt
-2112,4032,-15420,32767,-29675,741,tilt
4236,12484,-236,32767,-32768,4578,tilt
7472,22924,24336,32767,-32768,4456,tilt
2976,25316,32767,32767,-32768,-6875,tilt
-1,-1,-1,-1,-1,-1,tilt
-1,-1,-1,-1,-1,-1,tilt
7324,16164,32767,0,0,0,tilt
976,14252,17640,-32768,20786,6596,tilt
-1468,8868,1056,-32768,24677,9095,tilt
-4736,3624,-10504,-32768,32767,6489,tilt
-7788,-4828,-19956,-10647,32767,1521,tilt
-6064,-5592,-22240,27918,19013,1654,tilt
-3104,-1360,-18004,32767,-15642,8571,tilt
3004,2504,-6612,32767,-32768,15819,tilt
7484,11612,13132,32767,-32768,18094,tilt
4184,22148,32767,32767,-32768,9474,tilt
-1,-1,-1,-1,-1,-1,tilt
-1,-1,-1,-1,-1,-1,tilt
-1,-1,-1,-1,-1,-1,tilt
2688,18848,27424,-32768,23728,5447,tilt
1044,13232,10604,-32768,28192,8286,tilt
-756,4572,-6476,-32768,32767,7827,tilt
-5328,-4924,-22660,-16931,32767,5515,tilt
-8148,-7316,-27244,23662,32767,4859,tilt
-1460,-4892,-23784,32767,-15239,12113,tilt
6372,3608,-12880,32767,-32768,24590,tilt
9108,17604,1932,32767,-32768,31350,tilt
6880,32344,25664,32767,-32768,21634,tilt
-1,-1,-1,-1,-1,-1,tilt
6232,30788,32767,0,0,0,tilt
-1,-1,-1,-1,-1,-1,tilt
-1,-1,-1,-1,-1,-1,tilt
-1076,21392,11560,-32768,26501,-7280,tilt
-952,12580,-656,-32768,32767,-9047,tilt
-1088,2204,-12728,-32768,32767,-8780,tilt
-3124,-6184,-28012,-7656,32767,-5834,tilt
-3232,-9844,-32768,32767,487,5121,tilt
6672,1136,-20608,32767,-32768,20843,tilt
13628,20164,-440,32767,-32768,32524,tilt
9156,32767,21272,32767,-32768,32767,tilt
-1,-1,-1,-1,-1,-1,tilt
-8808,14496,26912,0,0,0,tilt
5700,32767,32767,-32768,32767,-21137,tilt
-1,-1,-1,-1,-1,-1,tilt
1176,32767,18716,0,0,0,tilt
3576,32767,3668,-32768,23279,-15094,tilt
3668,21696,-13732,-32768,32767,-14606,tilt
-424,-140,-32768,-32768,32767,-15019,tilt
-4332,-13632,-32768,14981,15515,-7663,tilt
4200,-8288,-30908,32767,-31359,6778,tilt
6804,6656,-9952,32767,-32768,15004,tilt
14716,24488,9656,32767,-32768,23712,tilt
8220,32767,30332,32767,-32768,27369,tilt
-1,-1,-1,-1,-1,-1,tilt
-1916,32468,32767,32767,8803,-10861,tilt
4068,29548,32767,-32768,32767,-17677,tilt
-1,-1,-1,-1,-1,-1,tilt
-3032,32767,18904,0,0,0,tilt
4112,32767,11124,-32768,22705,-9943,tilt
4232,22576,-8444,-32768,32767,-4803,tilt
-928,1276,-32768,-32768,32767,-3170,tilt
-8012,-14056,-32768,18732,16678,-455,tilt
2780,-4860,-31368,32767,-32768,5286,tilt
9604,13984,-5888,32767,-32768,9127,tilt
16432,31564,13440,32767,-32768,22904,tilt
5464,32767,30772,32767,-32768,29300,tilt
-1,-1,-1,-1,-1,-1,tilt
-1,-1,-1,-1,-1,-1,tilt
-1,-1,-1,-1,-1,-1,tilt
-1,-1,-1,-1,-1,-1,tilt
-1,-1,-1,-1,-1,-1,tilt
-100,32767,19892,0,0,0,tilt
4900,32767,12072,-32768,28509,-13901,tilt
6264,29204,-2780,-32768,32767,-10267,tilt
2076,8368,-32768,-32768,32767,-7140,tilt
-7172,-16408,-32768,4924,12855,-2512,tilt
-1708,-6960,-32768,32767,-32768,-2116,tilt
8364,19944,-2692,32767,-32768,-6409,tilt
16772,32767,12976,32767,-32768,3885,tilt
5904,32767,26036,32767,-23779,17449,tilt
-1,-1,-1,-1,-1,-1,tilt
2088,31364,32767,0,0,0,tilt
-1,-1,-1,-1,-1,-1,tilt
-488,32767,21456,-6080,-772,-2427,tilt
-5324,32767,18888,-32768,-15748,-8167,tilt
400,31268,8392,-32768,3150,-2743,tilt
3176,20784,-1984,-32768,32767,-8,tilt
-1680,3756,-23208,-32768,32767,-130,tilt
-6568,-12664,-32768,12182,31627,-3804,tilt
-1836,-8704,-23484,32767,-17704,-2996,tilt
2764,3680,-580,32767,-32768,489,tilt
11048,15720,12216,32767,-32768,11133,tilt
3204,31916,26312,32767,-28319,20429,tilt
-1,-1,-1,-1,-1,-1,tilt
444,26944,32767,0,0,0,tilt
7212,28804,32767,-32768,32767,-16818,tilt
-1,-1,-1,-1,-1,-1,tilt
-7952,32767,12164,-32768,-6327,-12643,tilt
1672,19768,-1688,-32768,7865,-11251,tilt
652,5732,-14524,-32768,32767,-7920,tilt
-6332,-10928,-26776,-15996,32502,-4898,tilt
-5236,-11000,-25100,32767,7562,-1669,tilt
-1624,-2088,-13544,32767,-26574,4901,tilt
8356,7052,592,32767,-32768,9492,tilt
12252,23504,15848,32767,-32768,18749,tilt
4480,32767,26432,32767,-31304,21801,tilt
-1,-1,-1,-1,-1,-1,tilt
-684,29080,28548,0,0,0,tilt
-2024,18724,32767,32767,-392,-9129,tilt
-1,-1,-1,-1,-1,-1,tilt
-1,-1,-1,-1,-1,-1,tilt
-1,-1,-1,-1,-1,-1,tilt
2760,32767,17308,0,0,0,tilt
1816,32767,-6216,-32768,26492,-10349,tilt
508,15012,-29052,-32768,32767,-13839,tilt
-2708,-10084,-32768,-563,18203,-12707,tilt
4512,-6776,-24636,32767,-32768,-1802,tilt
8344,17516,5276,32767,-32768,7061,tilt
6204,32436,26440,32767,-32768,11815,tilt
-1664,32767,32767,32767,-23322,5462,tilt
-1,-1,-1,-1,-1,-1,tilt
-1,-1,-1,-1,-1,-1,tilt
-1,-1,-1,-1,-1,-1,tilt
-2132,30608,24572,0,0,0,tilt
-4936,31868,12948,-32768,4067,-3526,tilt
764,21280,-916,-32768,16889,174,tilt
-2744,9932,-16444,-32768,32767,216,tilt
-7944,-3876,-28184,-8971,22875,-3950,tilt
-5600,-5188,-29044,32767,-4028,-6373,tilt
3440,8064,-12860,32767,-32768,-769,tilt
14288,31672,8672,32767,-32768,9293,tilt
8136,32767,25428,32767,-25375,22244,tilt
-1,-1,-1,-1,-1,-1,tilt
0,0,0,0,0,0,tilt
-4232,23300,32767,32767,709,-3200,tilt
-1,-1,-1,-1,-1,-1,tilt
-1,-1,-1,-1,-1,-1,tilt
-1,-1,-1,-1,-1,-1,tilt
-688,32767,12060,0,0,0,tilt
-1868,32767,-144,-32768,7757,-19100,tilt
-1,-1,-1,-1,-1,-1,tilt
-1268,-4696,-32768,-32768,22237,-10892,tilt
1924,-10896,-32768,32767,-24525,-1588,tilt
6924,20684,-1604,32767,-32768,6868,tilt
8108,32767,23856,32767,-31456,10285,tilt
-1,-1,-1,-1,-1,-1,tilt
436,28364,32767,0,0,0,tilt
-1,-1,-1,-1,-1,-1,tilt
-7508,22756,32767,0,0,0,tilt
-1,-1,-1,-1,-1,-1,tilt
-2228,31060,17372,-32768,11896,-10805,tilt
-356,31908,11584,-32768,12795,-10170,tilt
1852,25532,5896,-32768,20965,-4528,tilt
-1360,14084,-4212,-32768,25601,-1533,tilt
-3416,-368,-17288,-32768,27987,-67,tilt
-6024,-11968,-31104,9675,23706,-811,tilt
-5184,-8984,-27500,32767,-10226,1106,tilt
5420,12980,-6112,32767,-32768,8198,tilt
11692,30708,9944,32767,-32768,20487,tilt
5836,32767,25980,32767,-32768,25049,tilt
464,32767,32767,32767,-17052,14931,tilt
-4484,28524,32767,32767,1033,530,tilt
-1,-1,-1,-1,-1,-1,tilt
4776,31768,30972,-18880,9977,-4425,tilt
-1,-1,-1,-1,-1,-1,tilt
-1776,32767,5924,-32768,15911,-26177,tilt
4036,30392,-11428,-32768,26510,-23643,tilt
-316,2764,-32768,-32768,27308,-15971,tilt
-1724,-14876,-32768,32767,-23045,-4760,tilt
4704,10740,-6564,32767,-32768,9058,tilt
6680,31196,18680,32767,-24509,20592,tilt
508,31944,23624,32767,-10011,26762,tilt
400,30668,21524,32767,1603,29199,tilt
-1364,27672,14336,32767,11366,28049,tilt
-2196,25272,9584,32767,9859,20985,tilt
-844,23316,8480,29289,11550,9708,tilt
-3152,22512,12028,2504,9416,-4018,tilt
-2628,27896,17160,-32768,13214,-21978,tilt
-1,-1,-1,-1,-1,-1,tilt
-1,-1,-1,-1,-1,-1,tilt
-1,-1,-1,-1,-1,-1,tilt
8772,32767,1252,0,0,0,tilt
12148,32767,-20728,-32768,25951,-32768,tilt
10664,-4620,-32768,-32768,12372,-32768,tilt
5828,-27988,-32768,32577,-16678,-1487,tilt
-76,-3116,-13028,32767,-24449,15553,tilt
-308,14072,11720,32767,-32749,15810,tilt
3848,23376,25452,32767,-32768,18493,tilt
580,28480,28172,32767,-8725,26796,tilt
-4988,28460,20604,32767,9612,24790,tilt
-6240,23388,14728,32767,9844,18041,tilt
-6520,18108,14132,32767,-4226,13248,tilt
-7496,14252,20144,31593,-8675,8436,tilt
-5736,15560,25420,-18971,4628,-3179,tilt
-1,-1,-1,-1,-1,-1,tilt
-9436,14812,20552,0,0,0,tilt
-5144,32767,10756,-32768,1247,-25363,tilt
-2948,32767,6196,-32768,-388,-27455,tilt
548,17120,-3516,-32768,8012,-21278,tilt
-1096,-6328,-24800,-32768,2493,-8981,tilt
-244,-23308,-32768,32767,-14144,7525,tilt
-1080,4424,-7980,32767,-27871,3715,tilt
10104,32767,17640,32767,-32244,6246,tilt
4596,32767,27256,32767,-22463,7673,tilt
360,32767,28004,32767,-105,4364,tilt
-2052,25336,24696,32767,11983,3402,tilt
-5956,16000,26024,32767,5651,2687,tilt
-4464,15560,29880,-839,10114,-4117,tilt
-1,-1,-1,-1,-1,-1,tilt
-1,-1,-1,-1,-1,-1,tilt
-860,32767,7884,0,0,0,tilt
-184,32767,6632,-32768,18040,-31444,tilt
1652,28228,1276,-32768,21220,-29553,tilt
-1,-1,-1,-1,-1,-1,tilt
-132,-6932,-28424,-32768,11721,-11019,tilt
-336,-24092,-32768,31699,-32768,915,tilt
312,1852,-9920,32767,-32768,314,tilt
15644,32767,11856,32767,-32768,-1971,tilt
12268,32767,21024,32767,-32768,1027,tilt
6684,32767,23488,32767,-19461,-2035,tilt
-224,32767,25660,32767,-4612,-3797,tilt
9436,32767,32767,32767,11608,-4261,tilt
-1,-1,-1,-1,-1,-1,tilt
4920,12492,17256,0,0,0,tilt
-1,-1,-1,-1,-1,-1,tilt
3020,32767,-14908,-32768,28389,-32768,tilt
644,32767,-6796,-32768,12899,-32768,tilt
200,32767,6108,-32768,8878,-32768,tilt
6280,32767,6996,-32768,9671,-32768,tilt
6812,17132,-5764,-32768,19289,-32768,tilt
3608,-3212,-19936,-32768,19681,-27509,tilt
2056,-16680,-31544,-23551,-2316,-3840,tilt
-416,-17136,-25056,32767,-32768,17549,tilt
9748,17460,2312,32767,-32768,17414,tilt
16220,32767,20964,32767,-32768,23563,tilt
-1,-1,-1,-1,-1,-1,tilt
584,32767,21816,0,0,0,tilt
-4984,24780,20120,32767,1128,21312,tilt
-10960,14284,24472,32767,1803,14785,tilt
-1,-1,-1,-1,-1,-1,tilt
-1,-1,-1,-1,-1,-1,tilt
164,32767,-1840,0,0,0,tilt
-1720,32767,2304,-32768,14410,-32768,tilt
-480,32767,10528,-32768,7646,-32768,tilt
4836,32767,9092,-32768,7102,-32768,tilt
5208,16448,1552,-32768,20893,-32768,tilt
1880,828,-16272,-32768,15653,-16797,tilt
-4220,-17740,-26852,-26394,-11464,-1756,tilt
-1464,-18596,-21832,32767,-32768,667,tilt
3276,8504,860,32767,-32768,2315,tilt
7244,32767,17816,32767,-28386,3980,tilt
3884,32767,22232,32767,-19934,4098,tilt
2136,32767,22628,32767,-10574,7845,tilt
-2996,24340,20416,32767,-8221,11183,tilt
-4948,16372,21432,32767,-3879,10751,tilt
-1452,15140,27812,19433,14380,6374,tilt
-1,-1,-1,-1,-1,-1,tilt
-1,-1,-1,-1,-1,-1,tilt
4,32767,3608,0,0,0,tilt
-180,32767,9012,-32768,12503,-31748,tilt
3252,30728,12380,-32768,18563,-30419,tilt
2636,18004,6024,-32768,30349,-24527,tilt
1472,2448,-9092,-32768,32767,-16677,tilt
-2184,-10360,-19568,-32768,10786,-8223,tilt
-3792,-18144,-16748,5253,-21533,-1288,tilt
-2388,-10804,-4836,32767,-32768,3545,tilt
2148,10984,13552,32767,-31750,131,tilt
6416,23608,23436,32767,-22559,1926,tilt
2628,25012,25360,32767,-15238,7417,tilt
-1860,20720,24804,32767,-13251,3844,tilt
-3624,17204,25148,32767,-11115,-2597,tilt
-2156,12704,25672,32767,-5250,-3770,tilt
-3204,10260,25396,13052,1603,-574,tilt
-2032,11780,25436,-13929,15126,147,tilt
1516,17520,22756,-32768,30760,-816,tilt
992,27204,18956,-32768,32767,-4749,tilt
-1392,32128,13264,-32768,29634,-11836,tilt
-384,28512,11120,-32768,20824,-17497,tilt
-24,19608,5252,-32768,26223,-19421,tilt
-1944,4456,-7316,-32768,32479,-17814,tilt
-5108,-12224,-20196,-29890,17021,-13669,tilt
-6172,-18524,-21576,32767,-10706,-3807,tilt
-2124,-3916,-3540,32767,-29178,2849,tilt
3020,10344,14896,32767,-32768,5337,tilt
4912,19972,24588,32767,-32768,11216,tilt
1116,24648,30180,32767,-21402,13266,tilt
-3460,22100,28408,32767,-3633,5382,tilt
-4564,14536,29804,32767,3312,-2127,tilt
-3556,10232,30440,-2004,15852,-7323,tilt
-2012,16552,28128,-32768,21429,-8922,tilt
-484,26368,23692,-32768,23335,-10517,tilt
-828,31772,16448,-32768,24415,-12943,tilt
536,26828,6048,-32768,24653,-13730,tilt
392,12964,-10576,-32768,32607,-12687,tilt
-7268,-7796,-24864,-32768,14514,-11125,tilt
-7472,-17496,-26380,23335,-14732,-8677,tilt
-2816,-5848,-9196,32767,-32768,-6454,tilt
1272,10868,9812,32767,-32768,-8981,tilt
6120,21480,25320,32767,-32768,-10393,tilt
8836,24324,32767,32767,-27216,-7382,tilt
3152,19656,32767,32767,-5257,-3357,tilt
608,14008,28464,32767,3943,-1210,tilt
-1896,9548,27500,17239,3957,119,tilt
-1732,10960,29324,-18193,10012,970,tilt
424,17700,28728,-32768,24829,1853,tilt
1344,24956,25208,-32768,31403,1655,tilt
4104,27796,17780,-32768,32767,146,tilt
1324,23984,5916,-32768,32767,-3458,tilt
-3412,8484,-11052,-32768,27629,-6110,tilt
-8708,-14144,-26580,-32768,1687,-3872,tilt
-7888,-21340,-20004,31394,-19372,-2617,tilt
-8804,-2880,2304,32767,-17866,-7165,tilt
-3080,5528,14824,32767,-10408,-13315,tilt
3000,8976,19220,32767,-10068,-7513,tilt
5136,14536,18568,32767,-12733,10388,tilt
-788,21368,15648,32767,-17396,18450,tilt
-4032,24804,19984,32767,-12782,11274,tilt
-3912,19872,25148,32767,-4730,3502,tilt
-3684,14204,29388,32767,-1425,941,tilt
-1908,13460,30732,-4526,11736,125,tilt
-92,19100,26440,-32768,25852,-2819,tilt
-648,28960,23024,-32768,29773,-9605,tilt
988,32767,15588,-32768,32767,-16706,tilt
1640,32396,5380,-32768,26344,-18549,tilt
-1136,14188,-11720,-32768,16882,-12974,tilt
-6040,-10100,-32308,-32768,-19563,-2824,tilt
-2736,-15616,-28080,32767,-32768,-3086,tilt
-1168,14960,8760,32767,-32768,-13387,tilt
9808,25736,23708,32767,-27451,-16534,tilt
8576,26544,27252,32767,-14549,-11452,tilt
6196,21340,26732,32767,-1057,-1274,tilt
1396,16264,22084,32767,1576,8125,tilt
-3368,12636,23452,31576,-3369,9930,tilt
-6108,13388,29260,-12983,55,2246,tilt
-2492,20692,25796,-32768,27205,-7702,tilt
768,26776,21288,-32768,30729,-10202,tilt
2076,29332,15920,-32768,27580,-10322,tilt
3008,23864,7944,-32768,26985,-7557,tilt
420,10276,-3744,-32768,21177,-2368,tilt
-6084,-10100,-17780,-32768,3882,-1452,tilt
-5664,-21860,-16524,22684,-19735,-4771,tilt
-3908,-3268,2144,32767,-18111,-9531,tilt
2112,16328,12112,32767,-17811,-13852,tilt
5944,25876,19084,32767,-28185,-10220,tilt
3620,28116,26128,32767,-22447,-4311,tilt
-3876,23440,31260,32767,-6039,-8014,tilt
-5168,15320,32767,32767,4975,-13512,tilt
-2672,11552,32767,-157,20780,-15069,tilt
1252,20084,30592,-32768,29657,-12266,tilt
620,31144,21112,-32768,32767,-12822,tilt
1316,32767,10740,-32768,32767,-19551,tilt
2176,29220,-3760,-32768,32767,-23174,tilt
-2908,9656,-24000,-32768,23463,-23368,tilt
-3744,-14896,-32768,-6830,-32043,-15589,tilt
1748,-6912,-17132,32767,-32768,-1866,tilt
5132,17112,14996,32767,-32768,69,tilt
3876,23592,32767,32767,-26492,3459,tilt
-2732,18916,32767,32767,-6907,-2752,tilt
-1344,13500,32767,9149,15819,-7652,tilt
-1,-1,-1,-1,-1,-1,tilt
-1,-1,-1,-1,-1,-1,tilt
-2668,23148,12904,-32768,12929,-5057,tilt
848,12912,-5924,-32768,27365,1574,tilt
-6668,1512,-19960,-32768,17723,2648,tilt
-9000,-6432,-25380,8538,-4239,-2721,tilt
-2848,1956,-19912,32767,-29819,-2191,tilt
5064,14988,-944,32767,-32768,794,tilt
11064,29388,19592,32767,-32768,6320,tilt
6384,32767,32767,32767,-32768,8542,tilt
-1,-1,-1,-1,-1,-1,tilt
-1,-1,-1,-1,-1,-1,tilt
-1,-1,-1,-1,-1,-1,tilt
-1,-1,-1,-1,-1,-1,tilt
4136,26800,14368,0,0,0,tilt
3008,22696,-6212,-32768,32767,-475,tilt
-2868,10840,-22316,-32768,32767,-3097,tilt
-7476,-1784,-28724,-2960,-3293,-7926,tilt
948,1028,-17264,32767,-32768,-2800,tilt
3968,14872,6104,32767,-32768,1486,tilt
-1472,18244,32767,32767,-32768,-1158,tilt
676,14052,32767,32767,-23783,-13240,tilt
-1,-1,-1,-1,-1,-1,tilt
-1,-1,-1,-1,-1,-1,tilt
3020,26508,21992,0,0,0,tilt
-1128,14720,-4276,-32768,28816,10639,tilt
-7208,1272,-22956,-32768,29563,7288,tilt
-11208,-7972,-28248,25996,18402,-25,tilt
-6624,-768,-17968,32767,-7668,-3357,tilt
1792,7616,-5064,32767,-32768,3952,tilt
8136,16176,8528,32767,-32768,14537,tilt
5500,25928,23848,32767,-32768,20000,tilt
-364,27968,32767,32767,-32768,7895,tilt
-1,-1,-1,-1,-1,-1,tilt
-1,-1,-1,-1,-1,-1,tilt
-1,-1,-1,-1,-1,-1,tilt
6116,25480,22720,0,0,0,tilt
2824,24172,2700,-32768,32767,3113,tilt
48,15248,-21360,-32768,32767,2140,tilt
-9064,-1820,-32768,-10973,23768,-2633,tilt
1536,-1528,-26976,32767,-32768,2659,tilt
5892,15328,-1620,32767,-32768,13533,tilt
4340,23564,28700,32767,-32768,12877,tilt
-1,-1,-1,-1,-1,-1,tilt
-1,-1,-1,-1,-1,-1,tilt
-1,-1,-1,-1,-1,-1,tilt
0,0,0,0,0,0,tilt
3284,23508,13100,-32768,32767,-2232,tilt
-1512,13808,-4284,-32768,32767,-4082,tilt
-3036,5332,-17304,-28827,32767,-7248,tilt
-3776,-1124,-26136,18463,15277,-5468,tilt
-136,540,-18568,32767,-32768,2805,tilt
8036,11596,-184,32767,-32768,13144,tilt
-1,-1,-1,-1,-1,-1,tilt
2744,24872,32767,32767,-32768,14320,tilt
-1,-1,-1,-1,-1,-1,tilt
-1,-1,-1,-1,-1,-1,tilt
-1,-1,-1,-1,-1,-1,tilt
-1,-1,-1,-1,-1,-1,tilt
5608,22640,8852,-32768,32767,306,tilt
-1,-1,-1,-1,-1,-1,tilt
-1488,6744,-23236,-30850,32767,-2454,tilt
-5608,128,-32768,17588,22087,-372,tilt
2512,4412,-24924,32767,-32768,6932,tilt
5900,17072,-3036,32767,-32768,11442,tilt
3276,25780,25300,32767,-32768,6843,tilt
-1,-1,-1,-1,-1,-1,tilt
11160,19508,32767,0,0,0,tilt
-1,-1,-1,-1,-1,-1,tilt
0,0,0,0,0,0,tilt
4636,21172,6224,-32768,32767,2519,tilt
124,8480,-24208,-32768,32767,4994,tilt
-8272,-1384,-32768,-10937,29035,-1261,tilt
-5324,-552,-32768,32767,-16645,56,tilt
5044,11472,-16780,32767,-32768,8833,tilt
12260,28372,6972,32767,-32768,17285,tilt
9184,32767,31296,32767,-32768,16375,tilt
-1,-1,-1,-1,-1,-1,tilt
4140,28588,32767,32767,-4835,-10590,tilt
-1,-1,-1,-1,-1,-1,tilt
-1,-1,-1,-1,-1,-1,tilt
-1012,26464,13864,0,0,0,tilt
2108,19928,-104,-32768,32767,-9513,tilt
-2628,13172,-7336,-32768,32646,-11278,tilt
-5208,3744,-6204,-32768,12217,-12477,tilt
-5880,-880,4704,-26240,-5508,-11645,tilt
-6052,-1800,18348,-32768,-10467,-7298,tilt
-656,-2484,23160,-32768,-170,710,tilt
-1444,-2376,15736,-32768,7131,10388,tilt
-5792,-5124,104,-32768,-4325,17261,tilt
-8180,-8652,-11544,-5054,-9709,14506,tilt
-9800,-3128,-9228,32767,-14825,1290,tilt
-3628,11140,6632,32767,-20358,-9660,tilt
2980,17556,18464,32767,-23584,-6299,tilt
-2680,12620,32767,32767,-32768,-1452,tilt
-768,7536,32767,20355,-18364,-4981,tilt
1204,7304,32767,-32768,17421,-1471,tilt
1148,11796,32767,-32768,20587,5032,tilt
-1828,14164,20192,-32768,19774,7509,tilt
-1,-1,-1,-1,-1,-1,tilt
-7612,-2904,-4256,-32768,17852,9487,tilt
-11752,-7412,-6372,-996,20889,2439,tilt
-11668,-5140,-4292,32767,28286,-5667,tilt
-9880,-2372,96,32767,19575,-11026,tilt
-8364,224,9060,32767,-2785,-10640,tilt
-3496,1268,16408,32767,-20448,-1549,tilt
-3712,2984,22876,32337,-32768,12239,tilt
-6464,6780,32767,10458,-32768,14327,tilt
-1320,7848,32767,-21374,-27666,13710,tilt
3928,7800,32767,-32768,4563,16151,tilt
-212,7716,20932,-32768,15585,19387,tilt
-5440,1780,4224,-32768,17962,15413,tilt
-12576,-5336,-8080,-19293,17594,6105,tilt
-12952,-7380,-12472,32767,21011,-5304,tilt
-7440,712,-8140,32767,10405,-11329,tilt
-2792,9600,4780,32767,-5521,-11197,tilt
3436,17208,19060,32767,-14061,-2513,tilt
-160,17944,29144,32767,-15372,11228,tilt
-4788,18824,32767,32767,-13633,11813,tilt
-4716,15900,32767,-14110,-493,7086,tilt
-2768,17388,27608,-32768,9852,3658,tilt
-2284,16492,18988,-32768,9687,2508,tilt
-5744,11984,10492,-32768,7161,1162,tilt
-6900,2192,-504,-32768,5960,3473,tilt
-9496,-3284,-6760,-20720,11648,1284,tilt
-8932,-3784,-4164,25501,13154,-5816,tilt
-7900,2796,3504,32767,6155,-10440,tilt
-5056,6820,15348,32767,-6146,-14290,tilt
-1600,9544,26212,32767,-17666,-8476,tilt
-2128,10752,32767,18473,-16423,-264,tilt
-3036,10796,32767,-19764,-5119,4428,tilt
-3264,11252,28692,-32768,-697,8653,tilt
-2492,8284,19040,-32768,551,11186,tilt
-5268,4744,12552,-32768,-1986,11868,tilt
-8412,-4052,3480,-32768,192,9853,tilt
-7304,-6928,-108,-15152,7486,6339,tilt
-10244,-6584,-528,21135,19588,1936,tilt
-8376,-3044,1940,32767,17043,-2586,tilt
-7472,5888,8708,32767,4192,-5802,tilt
-3296,10388,19212,32767,-9105,-4919,tilt
-2836,11428,26456,32767,-12293,2161,tilt
-4840,11148,27044,25235,-8659,4818,tilt
-5984,11380,27776,1218,-2687,4765,tilt
-4860,12208,25232,-21639,2764,4809,tilt
-4456,10220,21676,-32768,4995,4968,tilt
-2548,7972,17180,-32768,1804,5995,tilt
-6460,2812,9880,-32768,5712,8113,tilt
-6660,-476,2996,-25130,10750,6405,tilt
-7996,-1100,3588,516,14237,2332,tilt
-7144,4,7216,14292,5117,-669,tilt
-5972,1164,12476,15699,-5314,-600,tilt
-5408,3376,16944,7372,-8956,-1272,tilt
-5152,4360,17644,-5355,-2409,-3510,tilt
-4860,4032,13224,-15787,7543,-3513,tilt
-3732,2500,6252,-17857,16398,-2308,tilt
-4000,880,-300,-10525,21387,-980,tilt
-3524,-652,-2332,961,17850,1460,tilt
-3808,-248,-336,10129,6964,5299,tilt
-2992,500,3828,12878,-10870,8283,tilt
-4340,1100,12236,9043,-31154,8727,tilt
-3728,736,19348,2553,-32768,6590,tilt
-336,92,23852,2873,-32768,7596,tilt
1684,1796,26888,12701,-27611,8368,tilt
-808,4204,27460,17205,-10650,7314,tilt
-1772,4452,25640,13133,-3867,5336,tilt
-1328,4000,23264,4323,-8739,2845,tilt
-1580,-104,31680,-337,-17350,2515,tilt
316,11496,32767,-6044,-12504,5724,tilt
4440,160,12940,1140,774,-385,tilt
5720,2144,14364,9649,21258,10987,tilt
-7032,2404,22952,1353,30538,5036,tilt
-5124,4088,16588,597,3556,3847,tilt
-4244,-192,12700,-3937,12718,2958,tilt
-236,-240,7564,-7373,32767,1332,tilt
-32768,3436,32767,-7216,-22633,-245,tilt
1328,-320,7068,-4230,-3545,1818,tilt
-4120,3340,16876,4690,4369,2738,tilt
-7944,2508,16256,2273,907,242,tilt
-5704,2556,16600,-1936,-6430,-797,tilt
-1896,680,13440,-1187,9211,-217,tilt
-8884,2108,19888,4729,3946,1415,tilt
-4792,2728,14900,1936,1959,484,tilt
-6656,2136,16876,-1099,-945,-359,tilt
-5512,1936,15880,-395,-1476,-195,tilt
-5464,1876,16376,221,107,-170,tilt
-5656,2040,16232,738,833,-65,tilt
-5792,2124,16412,280,-107,-156,tilt
-5632,1948,16280,-17,-410,-212,tilt
-5536,1920,16168,381,209,-129,tilt
-5648,2008,16328,371,227,-118,tilt
-5712,2072,16156,168,-92,-187,tilt
-5388,1872,16212,281,-378,-228,tilt
-5840,2144,16456,284,360,-193,tilt
-5560,2120,15852,244,129,-184,tilt
-5528,2024,16400,110,-283,-176,tilt
-5588,1936,16204,290,73,-166,tilt
-5688,1968,16208,301,60,-154,tilt
-5580,1908,16220,236,48,-199,tilt
-5760,2124,16220,35,-154,-225,tilt
-5664,2000,16252,-93,-486,-280,tilt
-5512,1972,16216,-318,-816,-314,tilt
-5440,1904,16232,-328,-900,-360,tilt
